id,transaction_uid,date,category,sub_category,amount,original_amount,original_currency,exchange_rate_to_eur,exchange_correction_to_eur,exchange_effective_rate_to_eur,account,account_id,account_key_snapshot,account_name_snapshot,account_due_day_snapshot,payment_method,payment_method_id,payment_method_name_snapshot,payment_channel_method_id_snapshot,payment_channel_name_snapshot,funding_account_id_snapshot,funding_account_name_snapshot,settlement_account_id_snapshot,settlement_account_name_snapshot,liability_account_id_snapshot,liability_account_name_snapshot,settlement_mode_snapshot,payment_due_date_snapshot,payment_due_day_snapshot,payment_statement_period_snapshot,payment_resolution_json,ledger_group_id,ledger_status,contact_id,contact_name,iban_snapshot,bic_swift_snapshot,bank_name_snapshot,transfer_reference,transfer_status,description,created_at
1,income:1,2025-10-08,PoliMi,,1096.22,,,,,,,main_bank,main_bank,Main,,Main bank account,main_bank_transfer,Main bank account,main_bank_transfer,Main bank account,main_bank,Main,main_bank,Main,,,immediate,,,,"{""account_id"": ""main_bank"", ""account_name_snapshot"": ""Main"", ""amount"": 1096.22, ""currency"": ""EUR"", ""due_date"": """", ""due_day_snapshot"": null, ""funding_account_id"": ""main_bank"", ""ledger_group_id"": ""lg_mig_fd62ad249aa25b38af2e5d7e33ec5f81"", ""liability_account_id"": """", ""movement_count"": 1, ""ok"": true, ""payment_channel_method_id_snapshot"": ""main_bank_transfer"", ""payment_channel_name_snapshot"": ""Main bank account"", ""payment_method_id"": ""main_bank_transfer"", ""payment_method_name_snapshot"": ""Main bank account"", ""settlement_account_id"": ""main_bank"", ""settlement_mode"": ""immediate"", ""statement_period"": """", ""transaction_date"": ""2025-10-08"", ""transaction_type"": ""income"", ""warnings"": [""legacy row backfilled by migrate_legacy_data_to_current_logic_v2""]}",lg_mig_fd62ad249aa25b38af2e5d7e33ec5f81,posted,,,,,,,,First half-payement,2026-06-24T20:00:30+00:00
2,income:2,2025-10-13,Other income,,871.83,,,,,,,main_bank,main_bank,Main,,Main bank account,main_bank_transfer,Main bank account,main_bank_transfer,Main bank account,main_bank,Main,main_bank,Main,,,immediate,,,,"{""account_id"": ""main_bank"", ""account_name_snapshot"": ""Main"", ""amount"": 871.83, ""currency"": ""EUR"", ""due_date"": """", ""due_day_snapshot"": null, ""funding_account_id"": ""main_bank"", ""ledger_group_id"": ""lg_mig_5c1d72d47c64580c9a6d2e572836d9c2"", ""liability_account_id"": """", ""movement_count"": 1, ""ok"": true, ""payment_channel_method_id_snapshot"": ""main_bank_transfer"", ""payment_channel_name_snapshot"": ""Main bank account"", ""payment_method_id"": ""main_bank_transfer"", ""payment_method_name_snapshot"": ""Main bank account"", ""settlement_account_id"": ""main_bank"", ""settlement_mode"": ""immediate"", ""statement_period"": """", ""transaction_date"": ""2025-10-13"", ""transaction_type"": ""income"", ""warnings"": [""legacy row backfilled by migrate_legacy_data_to_current_logic_v2""]}",lg_mig_5c1d72d47c64580c9a6d2e572836d9c2,posted,,,,,,,,Kineton,2026-06-24T20:00:30+00:00
3,income:3,2025-11-10,Cash,,100.0,,,,,,,main_bank,main_bank,Main,,Main bank account,main_bank_transfer,Main bank account,main_bank_transfer,Main bank account,main_bank,Main,main_bank,Main,,,immediate,,,,"{""account_id"": ""main_bank"", ""account_name_snapshot"": ""Main"", ""amount"": 100.0, ""currency"": ""EUR"", ""due_date"": """", ""due_day_snapshot"": null, ""funding_account_id"": ""main_bank"", ""ledger_group_id"": ""lg_mig_2d28b70f2b2254649b98e9de243313c1"", ""liability_account_id"": """", ""movement_count"": 1, ""ok"": true, ""payment_channel_method_id_snapshot"": ""main_bank_transfer"", ""payment_channel_name_snapshot"": ""Main bank account"", ""payment_method_id"": ""main_bank_transfer"", ""payment_method_name_snapshot"": ""Main bank account"", ""settlement_account_id"": ""main_bank"", ""settlement_mode"": ""immediate"", ""statement_period"": """", ""transaction_date"": ""2025-11-10"", ""transaction_type"": ""income"", ""warnings"": [""legacy row backfilled by migrate_legacy_data_to_current_logic_v2""]}",lg_mig_2d28b70f2b2254649b98e9de243313c1,posted,,,,,,,,Recupero Prelievi Riccardo (Deddo),2026-06-24T20:00:30+00:00
4,income:4,2025-11-19,PoliMi,,2282.4,,,,,,,main_bank,main_bank,Main,,Main bank account,main_bank_transfer,Main bank account,main_bank_transfer,Main bank account,main_bank,Main,main_bank,Main,,,immediate,,,,"{""account_id"": ""main_bank"", ""account_name_snapshot"": ""Main"", ""amount"": 2282.4, ""currency"": ""EUR"", ""due_date"": """", ""due_day_snapshot"": null, ""funding_account_id"": ""main_bank"", ""ledger_group_id"": ""lg_mig_9bf716c8523c50c3930b148eb667d8a1"", ""liability_account_id"": """", ""movement_count"": 1, ""ok"": true, ""payment_channel_method_id_snapshot"": ""main_bank_transfer"", ""payment_channel_name_snapshot"": ""Main bank account"", ""payment_method_id"": ""main_bank_transfer"", ""payment_method_name_snapshot"": ""Main bank account"", ""settlement_account_id"": ""main_bank"", ""settlement_mode"": ""immediate"", ""statement_period"": """", ""transaction_date"": ""2025-11-19"", ""transaction_type"": ""income"", ""warnings"": [""legacy row backfilled by migrate_legacy_data_to_current_logic_v2""]}",lg_mig_9bf716c8523c50c3930b148eb667d8a1,posted,,,,,,,,First Full payement,2026-06-24T20:00:30+00:00
5,income:5,2025-11-21,Deddo,,400.0,,,,,,,main_bank,main_bank,Main,,Main bank account,main_bank_transfer,Main bank account,main_bank_transfer,Main bank account,main_bank,Main,main_bank,Main,,,immediate,,,,"{""account_id"": ""main_bank"", ""account_name_snapshot"": ""Main"", ""amount"": 400.0, ""currency"": ""EUR"", ""due_date"": """", ""due_day_snapshot"": null, ""funding_account_id"": ""main_bank"", ""ledger_group_id"": ""lg_mig_87afe7844c825b129572b2d9a03b236f"", ""liability_account_id"": """", ""movement_count"": 1, ""ok"": true, ""payment_channel_method_id_snapshot"": ""main_bank_transfer"", ""payment_channel_name_snapshot"": ""Main bank account"", ""payment_method_id"": ""main_bank_transfer"", ""payment_method_name_snapshot"": ""Main bank account"", ""settlement_account_id"": ""main_bank"", ""settlement_mode"": ""immediate"", ""statement_period"": """", ""transaction_date"": ""2025-11-21"", ""transaction_type"": ""income"", ""warnings"": [""legacy row backfilled by migrate_legacy_data_to_current_logic_v2""]}",lg_mig_87afe7844c825b129572b2d9a03b236f,posted,,,,,,,,Reimborso Visite Mediche,2026-06-24T20:00:30+00:00
6,income:6,2025-11-22,Other income,,50.0,,,,,,,main_bank,main_bank,Main,,Main bank account,main_bank_transfer,Main bank account,main_bank_transfer,Main bank account,main_bank,Main,main_bank,Main,,,immediate,,,,"{""account_id"": ""main_bank"", ""account_name_snapshot"": ""Main"", ""amount"": 50.0, ""currency"": ""EUR"", ""due_date"": """", ""due_day_snapshot"": null, ""funding_account_id"": ""main_bank"", ""ledger_group_id"": ""lg_mig_3d1505886c7755a89406e7a23afa863e"", ""liability_account_id"": """", ""movement_count"": 1, ""ok"": true, ""payment_channel_method_id_snapshot"": ""main_bank_transfer"", ""payment_channel_name_snapshot"": ""Main bank account"", ""payment_method_id"": ""main_bank_transfer"", ""payment_method_name_snapshot"": ""Main bank account"", ""settlement_account_id"": ""main_bank"", ""settlement_mode"": ""immediate"", ""statement_period"": """", ""transaction_date"": ""2025-11-22"", ""transaction_type"": ""income"", ""warnings"": [""legacy row backfilled by migrate_legacy_data_to_current_logic_v2""]}",lg_mig_3d1505886c7755a89406e7a23afa863e,posted,,,,,,,,Quota altri regalo Tommaso,2026-06-24T20:00:30+00:00
7,income:7,2025-11-27,PoliMi,,1638.34,,,,,,,main_bank,main_bank,Main,,Main bank account,main_bank_transfer,Main bank account,main_bank_transfer,Main bank account,main_bank,Main,main_bank,Main,,,immediate,,,,"{""account_id"": ""main_bank"", ""account_name_snapshot"": ""Main"", ""amount"": 1638.34, ""currency"": ""EUR"", ""due_date"": """", ""due_day_snapshot"": null, ""funding_account_id"": ""main_bank"", ""ledger_group_id"": ""lg_mig_75b713a60eca5804a40c75b4c8a8c6fa"", ""liability_account_id"": """", ""movement_count"": 1, ""ok"": true, ""payment_channel_method_id_snapshot"": ""main_bank_transfer"", ""payment_channel_name_snapshot"": ""Main bank account"", ""payment_method_id"": ""main_bank_transfer"", ""payment_method_name_snapshot"": ""Main bank account"", ""settlement_account_id"": ""main_bank"", ""settlement_mode"": ""immediate"", ""statement_period"": """", ""transaction_date"": ""2025-11-27"", ""transaction_type"": ""income"", ""warnings"": [""legacy row backfilled by migrate_legacy_data_to_current_logic_v2""]}",lg_mig_75b713a60eca5804a40c75b4c8a8c6fa,posted,,,,,,,,,2026-06-24T20:00:30+00:00
8,income:8,2025-10-01,Other income,,1100.22,,,,,,,main_bank,main_bank,Main,,Main bank account,main_bank_transfer,Main bank account,main_bank_transfer,Main bank account,main_bank,Main,main_bank,Main,,,immediate,,,,"{""account_id"": ""main_bank"", ""account_name_snapshot"": ""Main"", ""amount"": 1100.22, ""currency"": ""EUR"", ""due_date"": """", ""due_day_snapshot"": null, ""funding_account_id"": ""main_bank"", ""ledger_group_id"": ""lg_mig_da3f45603e44571889f88267c85d5f6e"", ""liability_account_id"": """", ""movement_count"": 1, ""ok"": true, ""payment_channel_method_id_snapshot"": ""main_bank_transfer"", ""payment_channel_name_snapshot"": ""Main bank account"", ""payment_method_id"": ""main_bank_transfer"", ""payment_method_name_snapshot"": ""Main bank account"", ""settlement_account_id"": ""main_bank"", ""settlement_mode"": ""immediate"", ""statement_period"": """", ""transaction_date"": ""2025-10-01"", ""transaction_type"": ""income"", ""warnings"": [""legacy row backfilled by migrate_legacy_data_to_current_logic_v2""]}",lg_mig_da3f45603e44571889f88267c85d5f6e,posted,,,,,,,,Initial Net,2026-06-24T20:00:30+00:00
9,income:9,2025-12-19,PoliMi,,1474.0,,,,,,,main_bank,main_bank,Main,,Main bank account,main_bank_transfer,Main bank account,main_bank_transfer,Main bank account,main_bank,Main,main_bank,Main,,,immediate,,,,"{""account_id"": ""main_bank"", ""account_name_snapshot"": ""Main"", ""amount"": 1474.0, ""currency"": ""EUR"", ""due_date"": """", ""due_day_snapshot"": null, ""funding_account_id"": ""main_bank"", ""ledger_group_id"": ""lg_mig_d8ba0b10b14357558af5f8f1211c1531"", ""liability_account_id"": """", ""movement_count"": 1, ""ok"": true, ""payment_channel_method_id_snapshot"": ""main_bank_transfer"", ""payment_channel_name_snapshot"": ""Main bank account"", ""payment_method_id"": ""main_bank_transfer"", ""payment_method_name_snapshot"": ""Main bank account"", ""settlement_account_id"": ""main_bank"", ""settlement_mode"": ""immediate"", ""statement_period"": """", ""transaction_date"": ""2025-12-19"", ""transaction_type"": ""income"", ""warnings"": [""legacy row backfilled by migrate_legacy_data_to_current_logic_v2""]}",lg_mig_d8ba0b10b14357558af5f8f1211c1531,posted,,,,,,,,1st payment,2025-12-19T12:53:58
10,income:10,2026-01-02,Cash,,2100.0,,,,,,,main_bank,main_bank,Main,,Main bank account,main_bank_transfer,Main bank account,main_bank_transfer,Main bank account,main_bank,Main,main_bank,Main,,,immediate,,,,"{""account_id"": ""main_bank"", ""account_name_snapshot"": ""Main"", ""amount"": 2100.0, ""currency"": ""EUR"", ""due_date"": """", ""due_day_snapshot"": null, ""funding_account_id"": ""main_bank"", ""ledger_group_id"": ""lg_mig_e6c221f234725f4dad1e550346da6e27"", ""liability_account_id"": """", ""movement_count"": 1, ""ok"": true, ""payment_channel_method_id_snapshot"": ""main_bank_transfer"", ""payment_channel_name_snapshot"": ""Main bank account"", ""payment_method_id"": ""main_bank_transfer"", ""payment_method_name_snapshot"": ""Main bank account"", ""settlement_account_id"": ""main_bank"", ""settlement_mode"": ""immediate"", ""statement_period"": """", ""transaction_date"": ""2026-01-02"", ""transaction_type"": ""income"", ""warnings"": [""legacy row backfilled by migrate_legacy_data_to_current_logic_v2""]}",lg_mig_e6c221f234725f4dad1e550346da6e27,posted,,,,,,,,Compro Oro 28gr,2026-06-24T20:00:30+00:00
11,income:11,2026-01-30,PoliMi,,722.22,,,,,,,main_bank,main_bank,Main,,Main bank account,main_bank_transfer,Main bank account,main_bank_transfer,Main bank account,main_bank,Main,main_bank,Main,,,immediate,,,,"{""account_id"": ""main_bank"", ""account_name_snapshot"": ""Main"", ""amount"": 722.22, ""currency"": ""EUR"", ""due_date"": """", ""due_day_snapshot"": null, ""funding_account_id"": ""main_bank"", ""ledger_group_id"": ""lg_mig_c6867f06c0a55f87b42e40fa7218b020"", ""liability_account_id"": """", ""movement_count"": 1, ""ok"": true, ""payment_channel_method_id_snapshot"": ""main_bank_transfer"", ""payment_channel_name_snapshot"": ""Main bank account"", ""payment_method_id"": ""main_bank_transfer"", ""payment_method_name_snapshot"": ""Main bank account"", ""settlement_account_id"": ""main_bank"", ""settlement_mode"": ""immediate"", ""statement_period"": """", ""transaction_date"": ""2026-01-30"", ""transaction_type"": ""income"", ""warnings"": [""legacy row backfilled by migrate_legacy_data_to_current_logic_v2""]}",lg_mig_c6867f06c0a55f87b42e40fa7218b020,posted,,,,,,,,2nd payment,2026-01-30T10:05:47
12,income:12,2026-02-11,PoliMi,,2200.0,,,,,,,main_bank,main_bank,Main,,Main bank account,main_bank_transfer,Main bank account,main_bank_transfer,Main bank account,main_bank,Main,main_bank,Main,,,immediate,,,,"{""account_id"": ""main_bank"", ""account_name_snapshot"": ""Main"", ""amount"": 2200.0, ""currency"": ""EUR"", ""due_date"": """", ""due_day_snapshot"": null, ""funding_account_id"": ""main_bank"", ""ledger_group_id"": ""lg_mig_810caab59f165d559f2ed885d120537f"", ""liability_account_id"": """", ""movement_count"": 1, ""ok"": true, ""payment_channel_method_id_snapshot"": ""main_bank_transfer"", ""payment_channel_name_snapshot"": ""Main bank account"", ""payment_method_id"": ""main_bank_transfer"", ""payment_method_name_snapshot"": ""Main bank account"", ""settlement_account_id"": ""main_bank"", ""settlement_mode"": ""immediate"", ""statement_period"": """", ""transaction_date"": ""2026-02-11"", ""transaction_type"": ""income"", ""warnings"": [""legacy row backfilled by migrate_legacy_data_to_current_logic_v2""]}",lg_mig_810caab59f165d559f2ed885d120537f,posted,,,,,,,,,2026-06-24T20:00:30+00:00
13,income:13,2026-02-28,Cash,,100.0,,,,,,,main_bank,main_bank,Main,,Main bank account,main_bank_transfer,Main bank account,main_bank_transfer,Main bank account,main_bank,Main,main_bank,Main,,,immediate,,,,"{""account_id"": ""main_bank"", ""account_name_snapshot"": ""Main"", ""amount"": 100.0, ""currency"": ""EUR"", ""due_date"": """", ""due_day_snapshot"": null, ""funding_account_id"": ""main_bank"", ""ledger_group_id"": ""lg_mig_1ed29f296e09557287118f2d7967c571"", ""liability_account_id"": """", ""movement_count"": 1, ""ok"": true, ""payment_channel_method_id_snapshot"": ""main_bank_transfer"", ""payment_channel_name_snapshot"": ""Main bank account"", ""payment_method_id"": ""main_bank_transfer"", ""payment_method_name_snapshot"": ""Main bank account"", ""settlement_account_id"": ""main_bank"", ""settlement_mode"": ""immediate"", ""statement_period"": """", ""transaction_date"": ""2026-02-28"", ""transaction_type"": ""income"", ""warnings"": [""legacy row backfilled by migrate_legacy_data_to_current_logic_v2""]}",lg_mig_1ed29f296e09557287118f2d7967c571,posted,,,,,,,,Quota regalo papa e andrea,2026-06-24T20:00:30+00:00
14,income:14,2026-02-25,Refund,,13.61,,,,,,,main_bank,main_bank,Main,,Main bank account,main_bank_transfer,Main bank account,main_bank_transfer,Main bank account,main_bank,Main,main_bank,Main,,,immediate,,,,"{""account_id"": ""main_bank"", ""account_name_snapshot"": ""Main"", ""amount"": 13.61, ""currency"": ""EUR"", ""due_date"": """", ""due_day_snapshot"": null, ""funding_account_id"": ""main_bank"", ""ledger_group_id"": ""lg_mig_aeda02dc61175fdf9400b6cc5ca6daed"", ""liability_account_id"": """", ""movement_count"": 1, ""ok"": true, ""payment_channel_method_id_snapshot"": ""main_bank_transfer"", ""payment_channel_name_snapshot"": ""Main bank account"", ""payment_method_id"": ""main_bank_transfer"", ""payment_method_name_snapshot"": ""Main bank account"", ""settlement_account_id"": ""main_bank"", ""settlement_mode"": ""immediate"", ""statement_period"": """", ""transaction_date"": ""2026-02-25"", ""transaction_type"": ""income"", ""warnings"": [""legacy row backfilled by migrate_legacy_data_to_current_logic_v2""]}",lg_mig_aeda02dc61175fdf9400b6cc5ca6daed,posted,,,,,,,,KTH,2026-06-24T20:00:30+00:00
15,income:15,2026-03-06,PoliMi,,2440.77,,,,,,,main_bank,main_bank,Main,,Main bank account,main_bank_transfer,Main bank account,main_bank_transfer,Main bank account,main_bank,Main,main_bank,Main,,,immediate,,,,"{""account_id"": ""main_bank"", ""account_name_snapshot"": ""Main"", ""amount"": 2440.77, ""currency"": ""EUR"", ""due_date"": """", ""due_day_snapshot"": null, ""funding_account_id"": ""main_bank"", ""ledger_group_id"": ""lg_mig_ea6d2dea0b1c547581d0f4916d2dec79"", ""liability_account_id"": """", ""movement_count"": 1, ""ok"": true, ""payment_channel_method_id_snapshot"": ""main_bank_transfer"", ""payment_channel_name_snapshot"": ""Main bank account"", ""payment_method_id"": ""main_bank_transfer"", ""payment_method_name_snapshot"": ""Main bank account"", ""settlement_account_id"": ""main_bank"", ""settlement_mode"": ""immediate"", ""statement_period"": """", ""transaction_date"": ""2026-03-06"", ""transaction_type"": ""income"", ""warnings"": [""legacy row backfilled by migrate_legacy_data_to_current_logic_v2""]}",lg_mig_ea6d2dea0b1c547581d0f4916d2dec79,posted,,,,,,,,,2026-03-08T14:43:43
16,income:16,2026-04-14,PoliMi,,1638.34,,,,,,,main_bank,main_bank,Main,,Main bank account,main_bank_transfer,Main bank account,main_bank_transfer,Main bank account,main_bank,Main,main_bank,Main,,,immediate,,,,"{""account_id"": ""main_bank"", ""account_name_snapshot"": ""Main"", ""amount"": 1638.34, ""currency"": ""EUR"", ""due_date"": """", ""due_day_snapshot"": null, ""funding_account_id"": ""main_bank"", ""ledger_group_id"": ""lg_mig_464421be47de50acbe9a6ef44cc36f44"", ""liability_account_id"": """", ""movement_count"": 1, ""ok"": true, ""payment_channel_method_id_snapshot"": ""main_bank_transfer"", ""payment_channel_name_snapshot"": ""Main bank account"", ""payment_method_id"": ""main_bank_transfer"", ""payment_method_name_snapshot"": ""Main bank account"", ""settlement_account_id"": ""main_bank"", ""settlement_mode"": ""immediate"", ""statement_period"": """", ""transaction_date"": ""2026-04-14"", ""transaction_type"": ""income"", ""warnings"": [""legacy row backfilled by migrate_legacy_data_to_current_logic_v2""]}",lg_mig_464421be47de50acbe9a6ef44cc36f44,posted,,,,,,,,,2026-04-14T18:49:05
17,income:17,2026-04-16,Refund,Axes,126.0,,,,,,,main_bank,main_bank,Main,,Main bank account,main_bank_transfer,Main bank account,main_bank_transfer,Main bank account,main_bank,Main,main_bank,Main,,,immediate,,,,"{""account_id"": ""main_bank"", ""account_name_snapshot"": ""Main"", ""amount"": 126.0, ""currency"": ""EUR"", ""due_date"": """", ""due_day_snapshot"": null, ""funding_account_id"": ""main_bank"", ""ledger_group_id"": ""lg_mig_376aa1a50a185efdb1256d5940837a5a"", ""liability_account_id"": """", ""movement_count"": 1, ""ok"": true, ""payment_channel_method_id_snapshot"": ""main_bank_transfer"", ""payment_channel_name_snapshot"": ""Main bank account"", ""payment_method_id"": ""main_bank_transfer"", ""payment_method_name_snapshot"": ""Main bank account"", ""settlement_account_id"": ""main_bank"", ""settlement_mode"": ""immediate"", ""statement_period"": """", ""transaction_date"": ""2026-04-16"", ""transaction_type"": ""income"", ""warnings"": [""legacy row backfilled by migrate_legacy_data_to_current_logic_v2""]}",lg_mig_376aa1a50a185efdb1256d5940837a5a,posted,,,,,,,,,2026-04-24T16:10:17
18,income:18,2026-05-08,PoliMi,,1638.34,,,,,,,main_bank,main_bank,Main,,Main bank account,main_bank_transfer,Main bank account,main_bank_transfer,Main bank account,main_bank,Main,main_bank,Main,,,immediate,,,,"{""account_id"": ""main_bank"", ""account_name_snapshot"": ""Main"", ""amount"": 1638.34, ""currency"": ""EUR"", ""due_date"": """", ""due_day_snapshot"": null, ""funding_account_id"": ""main_bank"", ""ledger_group_id"": ""lg_mig_05b75e4a6d4e58bf81923c97843ca45b"", ""liability_account_id"": """", ""movement_count"": 1, ""ok"": true, ""payment_channel_method_id_snapshot"": ""main_bank_transfer"", ""payment_channel_name_snapshot"": ""Main bank account"", ""payment_method_id"": ""main_bank_transfer"", ""payment_method_name_snapshot"": ""Main bank account"", ""settlement_account_id"": ""main_bank"", ""settlement_mode"": ""immediate"", ""statement_period"": """", ""transaction_date"": ""2026-05-08"", ""transaction_type"": ""income"", ""warnings"": [""legacy row backfilled by migrate_legacy_data_to_current_logic_v2""]}",lg_mig_05b75e4a6d4e58bf81923c97843ca45b,posted,,,,,,,,,2026-05-08T12:15:18
19,income:19,2026-05-21,Refund,Infissi,2220.0,,,,,,,main_bank,main_bank,Main,,Main bank account,main_bank_transfer,Main bank account,main_bank_transfer,Main bank account,main_bank,Main,main_bank,Main,,,immediate,,,,"{""account_id"": ""main_bank"", ""account_name_snapshot"": ""Main"", ""amount"": 2220.0, ""currency"": ""EUR"", ""due_date"": """", ""due_day_snapshot"": null, ""funding_account_id"": ""main_bank"", ""ledger_group_id"": ""lg_mig_76e906aae7ab5e56b9c7ac5d3f5005ae"", ""liability_account_id"": """", ""movement_count"": 1, ""ok"": true, ""payment_channel_method_id_snapshot"": ""main_bank_transfer"", ""payment_channel_name_snapshot"": ""Main bank account"", ""payment_method_id"": ""main_bank_transfer"", ""payment_method_name_snapshot"": ""Main bank account"", ""settlement_account_id"": ""main_bank"", ""settlement_mode"": ""immediate"", ""statement_period"": """", ""transaction_date"": ""2026-05-21"", ""transaction_type"": ""income"", ""warnings"": [""legacy row backfilled by migrate_legacy_data_to_current_logic_v2""]}",lg_mig_76e906aae7ab5e56b9c7ac5d3f5005ae,posted,,,,,,,,-11%,2026-05-21T11:34:14
20,income:20,2026-05-27,PoliMi,,819.17,,,,,,,main_bank,main_bank,Main,,Main bank account,main_bank_transfer,Main bank account,main_bank_transfer,Main bank account,main_bank,Main,main_bank,Main,,,immediate,,,,"{""account_id"": ""main_bank"", ""account_name_snapshot"": ""Main"", ""amount"": 819.17, ""currency"": ""EUR"", ""due_date"": """", ""due_day_snapshot"": null, ""funding_account_id"": ""main_bank"", ""ledger_group_id"": ""lg_mig_44ab1921f5125e179dbbf72bfc7d30ac"", ""liability_account_id"": """", ""movement_count"": 1, ""ok"": true, ""payment_channel_method_id_snapshot"": ""main_bank_transfer"", ""payment_channel_name_snapshot"": ""Main bank account"", ""payment_method_id"": ""main_bank_transfer"", ""payment_method_name_snapshot"": ""Main bank account"", ""settlement_account_id"": ""main_bank"", ""settlement_mode"": ""immediate"", ""statement_period"": """", ""transaction_date"": ""2026-05-27"", ""transaction_type"": ""income"", ""warnings"": [""legacy row backfilled by migrate_legacy_data_to_current_logic_v2""]}",lg_mig_44ab1921f5125e179dbbf72bfc7d30ac,posted,,,,,,,,,2026-05-28T15:43:58
21,income:21,2026-05-28,Deddo,fake mutuo debt,4871.61,,,,,,,main_bank,main_bank,Main,,Main bank account,main_bank_transfer,Main bank account,main_bank_transfer,Main bank account,main_bank,Main,main_bank,Main,,,immediate,,,,"{""account_id"": ""main_bank"", ""account_name_snapshot"": ""Main"", ""amount"": 4871.61, ""currency"": ""EUR"", ""due_date"": """", ""due_day_snapshot"": null, ""funding_account_id"": ""main_bank"", ""ledger_group_id"": ""lg_mig_cc98de1d9a285888a66e687148786aa9"", ""liability_account_id"": """", ""movement_count"": 1, ""ok"": true, ""payment_channel_method_id_snapshot"": ""main_bank_transfer"", ""payment_channel_name_snapshot"": ""Main bank account"", ""payment_method_id"": ""main_bank_transfer"", ""payment_method_name_snapshot"": ""Main bank account"", ""settlement_account_id"": ""main_bank"", ""settlement_mode"": ""immediate"", ""statement_period"": """", ""transaction_date"": ""2026-05-28"", ""transaction_type"": ""income"", ""warnings"": [""legacy row backfilled by migrate_legacy_data_to_current_logic_v2""]}",lg_mig_cc98de1d9a285888a66e687148786aa9,posted,,,,,,,,,2026-06-03T12:17:30
22,income:22,2026-06-05,Other income,Claudia,200.0,,,,,,,main_bank,main_bank,Main,,Main bank account,main_bank_transfer,Main bank account,main_bank_transfer,Main bank account,main_bank,Main,main_bank,Main,,,immediate,,,,"{""account_id"": ""main_bank"", ""account_name_snapshot"": ""Main"", ""amount"": 200.0, ""currency"": ""EUR"", ""due_date"": """", ""due_day_snapshot"": null, ""funding_account_id"": ""main_bank"", ""ledger_group_id"": ""lg_mig_f3c019500d285dd4bb89e57e5df0500f"", ""liability_account_id"": """", ""movement_count"": 1, ""ok"": true, ""payment_channel_method_id_snapshot"": ""main_bank_transfer"", ""payment_channel_name_snapshot"": ""Main bank account"", ""payment_method_id"": ""main_bank_transfer"", ""payment_method_name_snapshot"": ""Main bank account"", ""settlement_account_id"": ""main_bank"", ""settlement_mode"": ""immediate"", ""statement_period"": """", ""transaction_date"": ""2026-06-05"", ""transaction_type"": ""income"", ""warnings"": [""legacy row backfilled by migrate_legacy_data_to_current_logic_v2""]}",lg_mig_f3c019500d285dd4bb89e57e5df0500f,posted,,,,,,,,Vinted balance,2026-06-04T11:53:17
23,income:23,2026-06-10,Kineton,,110.0,,,,,,EdenRed,edenred,edenred,EdenRed,,EdenRed,edenred,EdenRed,edenred,EdenRed,edenred,EdenRed,edenred,EdenRed,,,stored_balance,,,,"{""account_id"": ""edenred"", ""account_name_snapshot"": ""EdenRed"", ""amount"": 110.0, ""currency"": ""EUR"", ""due_date"": """", ""due_day_snapshot"": null, ""funding_account_id"": ""edenred"", ""ledger_group_id"": ""lg_mig_eb78fa8c11475189ac5b6b025dd9ea1e"", ""liability_account_id"": """", ""movement_count"": 1, ""ok"": true, ""payment_channel_method_id_snapshot"": ""edenred"", ""payment_channel_name_snapshot"": ""EdenRed"", ""payment_method_id"": ""edenred"", ""payment_method_name_snapshot"": ""EdenRed"", ""settlement_account_id"": ""edenred"", ""settlement_mode"": ""stored_balance"", ""statement_period"": """", ""transaction_date"": ""2026-06-10"", ""transaction_type"": ""income"", ""warnings"": [""legacy row backfilled by migrate_legacy_data_to_current_logic_v2""]}",lg_mig_eb78fa8c11475189ac5b6b025dd9ea1e,posted,,,,,,,,Ticket Restaurants,2026-06-10T15:33:43
24,income:24,2026-06-11,Kineton,,1122.6,,EUR,1.0,0.0,1.0,,main_bank,main_bank,Main,,Main bank account,main_bank_transfer,Main bank account,main_bank_transfer,Main bank account,main_bank,Main,main_bank,Main,,,immediate,,,,"{""account_id"": ""main_bank"", ""account_name_snapshot"": ""Main"", ""amount"": 1122.6, ""currency"": ""EUR"", ""due_date"": """", ""due_day_snapshot"": null, ""funding_account_id"": ""main_bank"", ""ledger_group_id"": ""lg_mig_8cd7c118e11a53f9aa3d90f3a7708ba7"", ""liability_account_id"": """", ""movement_count"": 1, ""ok"": true, ""payment_channel_method_id_snapshot"": ""main_bank_transfer"", ""payment_channel_name_snapshot"": ""Main bank account"", ""payment_method_id"": ""main_bank_transfer"", ""payment_method_name_snapshot"": ""Main bank account"", ""settlement_account_id"": ""main_bank"", ""settlement_mode"": ""immediate"", ""statement_period"": """", ""transaction_date"": ""2026-06-11"", ""transaction_type"": ""income"", ""warnings"": [""legacy row backfilled by migrate_legacy_data_to_current_logic_v2""]}",lg_mig_8cd7c118e11a53f9aa3d90f3a7708ba7,posted,,,,,,,,half month and minus debts,2026-06-11T10:00:06
25,income:25,2026-06-11,Refund,Sopralluogo,6.0,,,,,,,main_bank,main_bank,Main,,Main bank account,main_bank_transfer,Main bank account,main_bank_transfer,Main bank account,main_bank,Main,main_bank,Main,,,immediate,,,,"{""account_id"": ""main_bank"", ""account_name_snapshot"": ""Main"", ""amount"": 6.0, ""currency"": ""EUR"", ""due_date"": """", ""due_day_snapshot"": null, ""funding_account_id"": ""main_bank"", ""ledger_group_id"": ""lg_mig_57b1aec8af925b08ba32f075a40c2b93"", ""liability_account_id"": """", ""movement_count"": 1, ""ok"": true, ""payment_channel_method_id_snapshot"": ""main_bank_transfer"", ""payment_channel_name_snapshot"": ""Main bank account"", ""payment_method_id"": ""main_bank_transfer"", ""payment_method_name_snapshot"": ""Main bank account"", ""settlement_account_id"": ""main_bank"", ""settlement_mode"": ""immediate"", ""statement_period"": """", ""transaction_date"": ""2026-06-11"", ""transaction_type"": ""income"", ""warnings"": [""legacy row backfilled by migrate_legacy_data_to_current_logic_v2""]}",lg_mig_57b1aec8af925b08ba32f075a40c2b93,posted,,,,,,,,Money collected from Leroy Marlaine: Sopralluogo,2026-06-11T18:54:08
26,income:26,2026-06-11,Refund,Sopralluogo,24.0,,,,,,Cash Flow,cash_flow,cash_flow,Cash Flow,,Cash,cash,Cash,cash,Cash,cash_flow,Cash Flow,cash_flow,Cash Flow,,,stored_balance,,,,"{""account_id"": ""cash_flow"", ""account_name_snapshot"": ""Cash Flow"", ""amount"": 24.0, ""currency"": ""EUR"", ""due_date"": """", ""due_day_snapshot"": null, ""funding_account_id"": ""cash_flow"", ""ledger_group_id"": ""lg_mig_fbd0e40b6fac514090152ff499fb62e4"", ""liability_account_id"": """", ""movement_count"": 1, ""ok"": true, ""payment_channel_method_id_snapshot"": ""cash"", ""payment_channel_name_snapshot"": ""Cash"", ""payment_method_id"": ""cash"", ""payment_method_name_snapshot"": ""Cash"", ""settlement_account_id"": ""cash_flow"", ""settlement_mode"": ""stored_balance"", ""statement_period"": """", ""transaction_date"": ""2026-06-11"", ""transaction_type"": ""income"", ""warnings"": [""legacy row backfilled by migrate_legacy_data_to_current_logic_v2""]}",lg_mig_fbd0e40b6fac514090152ff499fb62e4,posted,,,,,,,,Money collected from Leroy Marlaine: Sopralluogo,2026-06-11T18:54:18
27,income:27,2026-06-12,Friends,Luigi Barbato,14.32,,EUR,1.0,0.0,1.0,PayPal,paypal,paypal,PayPal,,PayPal balance,paypal_balance,PayPal balance,paypal_balance,PayPal balance,paypal,PayPal,paypal,PayPal,,,stored_balance,,,,"{""account_id"": ""paypal"", ""account_name_snapshot"": ""PayPal"", ""amount"": 14.32, ""currency"": ""EUR"", ""due_date"": """", ""due_day_snapshot"": null, ""funding_account_id"": ""paypal"", ""ledger_group_id"": ""lg_mig_c6a1300fc4b45971ac5716c22b0e2964"", ""liability_account_id"": """", ""movement_count"": 1, ""ok"": true, ""payment_channel_method_id_snapshot"": ""paypal_balance"", ""payment_channel_name_snapshot"": ""PayPal balance"", ""payment_method_id"": ""paypal_balance"", ""payment_method_name_snapshot"": ""PayPal balance"", ""settlement_account_id"": ""paypal"", ""settlement_mode"": ""stored_balance"", ""statement_period"": """", ""transaction_date"": ""2026-06-12"", ""transaction_type"": ""income"", ""warnings"": [""legacy row backfilled by migrate_legacy_data_to_current_logic_v2""]}",lg_mig_c6a1300fc4b45971ac5716c22b0e2964,posted,,,,,,,,Hamburgers,2026-06-15T10:51:15
28,income:28,2026-06-12,Refund,Glovo Thiefs,4.8,,,,,,Glovo,glovo,glovo,Glovo,,Glovo,glovo,Glovo,glovo,Glovo,glovo,Glovo,glovo,Glovo,,,stored_balance,,,,"{""account_id"": ""glovo"", ""account_name_snapshot"": ""Glovo"", ""amount"": 4.8, ""currency"": ""EUR"", ""due_date"": """", ""due_day_snapshot"": null, ""funding_account_id"": ""glovo"", ""ledger_group_id"": ""lg_mig_a3387e0b2f4e5990adde83dbb8254832"", ""liability_account_id"": """", ""movement_count"": 1, ""ok"": true, ""payment_channel_method_id_snapshot"": ""glovo"", ""payment_channel_name_snapshot"": ""Glovo"", ""payment_method_id"": ""glovo"", ""payment_method_name_snapshot"": ""Glovo"", ""settlement_account_id"": ""glovo"", ""settlement_mode"": ""stored_balance"", ""statement_period"": """", ""transaction_date"": ""2026-06-12"", ""transaction_type"": ""income"", ""warnings"": [""legacy row backfilled by migrate_legacy_data_to_current_logic_v2""]}",lg_mig_a3387e0b2f4e5990adde83dbb8254832,posted,,,,,,,,Money collected from Glovo: Glovo Thiefs,2026-06-15T11:08:38
